Workbook

Sheet info
A1: 场所名称 | B1: 场所地址 | C1: coVenuesId | D1: 要素类型 | E1: coType | F1: 要素颜色 | G1: coColor | H1: 发生时间 2026/01/01 | I1: 问题描述 | J1: 处理进度 | K1: coState | L1: 完成时间 2026/01/01 | M1: 进度描述 | N1: 备注说明
B2: =IFERROR(VLOOKUP(A2,venue!A:C,3,FALSE),"") | C2: =IFERROR(VLOOKUP(A2,venue!A:B,2,FALSE),"") | E2: =IFERROR(VLOOKUP(D2,type!A:B,2,FALSE),"") | G2: =IFERROR(VLOOKUP(F2,color!A:B,2,FALSE),"") | K2: =IFERROR(VLOOKUP(J2,state!A:B,2,FALSE),"")
B3: =IFERROR(VLOOKUP(A3,venue!A:C,3,FALSE),"") | C3: =IFERROR(VLOOKUP(A3,venue!A:B,2,FALSE),"") | E3: =IFERROR(VLOOKUP(D3,type!A:B,2,FALSE),"") | G3: =IFERROR(VLOOKUP(F3,color!A:B,2,FALSE),"") | K3: =IFERROR(VLOOKUP(J3,state!A:B,2,FALSE),"")
B4: =IFERROR(VLOOKUP(A4,venue!A:C,3,FALSE),"") | C4: =IFERROR(VLOOKUP(A4,venue!A:B,2,FALSE),"") | E4: =IFERROR(VLOOKUP(D4,type!A:B,2,FALSE),"") | G4: =IFERROR(VLOOKUP(F4,color!A:B,2,FALSE),"") | K4: =IFERROR(VLOOKUP(J4,state!A:B,2,FALSE),"")
B5: =IFERROR(VLOOKUP(A5,venue!A:C,3,FALSE),"") | C5: =IFERROR(VLOOKUP(A5,venue!A:B,2,FALSE),"") | E5: =IFERROR(VLOOKUP(D5,type!A:B,2,FALSE),"") | G5: =IFERROR(VLOOKUP(F5,color!A:B,2,FALSE),"") | K5: =IFERROR(VLOOKUP(J5,state!A:B,2,FALSE),"")
B6: =IFERROR(VLOOKUP(A6,venue!A:C,3,FALSE),"") | C6: =IFERROR(VLOOKUP(A6,venue!A:B,2,FALSE),"") | E6: =IFERROR(VLOOKUP(D6,type!A:B,2,FALSE),"") | G6: =IFERROR(VLOOKUP(F6,color!A:B,2,FALSE),"") | K6: =IFERROR(VLOOKUP(J6,state!A:B,2,FALSE),"")
B7: =IFERROR(VLOOKUP(A7,venue!A:C,3,FALSE),"") | C7: =IFERROR(VLOOKUP(A7,venue!A:B,2,FALSE),"") | E7: =IFERROR(VLOOKUP(D7,type!A:B,2,FALSE),"") | G7: =IFERROR(VLOOKUP(F7,color!A:B,2,FALSE),"") | K7: =IFERROR(VLOOKUP(J7,state!A:B,2,FALSE),"")
B8: =IFERROR(VLOOKUP(A8,venue!A:C,3,FALSE),"") | C8: =IFERROR(VLOOKUP(A8,venue!A:B,2,FALSE),"") | E8: =IFERROR(VLOOKUP(D8,type!A:B,2,FALSE),"") | G8: =IFERROR(VLOOKUP(F8,color!A:B,2,FALSE),"") | K8: =IFERROR(VLOOKUP(J8,state!A:B,2,FALSE),"")
B9: =IFERROR(VLOOKUP(A9,venue!A:C,3,FALSE),"") | C9: =IFERROR(VLOOKUP(A9,venue!A:B,2,FALSE),"") | E9: =IFERROR(VLOOKUP(D9,type!A:B,2,FALSE),"") | G9: =IFERROR(VLOOKUP(F9,color!A:B,2,FALSE),"") | K9: =IFERROR(VLOOKUP(J9,state!A:B,2,FALSE),"")
B10: =IFERROR(VLOOKUP(A10,venue!A:C,3,FALSE),"") | C10: =IFERROR(VLOOKUP(A10,venue!A:B,2,FALSE),"") | E10: =IFERROR(VLOOKUP(D10,type!A:B,2,FALSE),"") | G10: =IFERROR(VLOOKUP(F10,color!A:B,2,FALSE),"") | K10: =IFERROR(VLOOKUP(J10,state!A:B,2,FALSE),"")
B11: =IFERROR(VLOOKUP(A11,venue!A:C,3,FALSE),"") | C11: =IFERROR(VLOOKUP(A11,venue!A:B,2,FALSE),"") | E11: =IFERROR(VLOOKUP(D11,type!A:B,2,FALSE),"") | G11: =IFERROR(VLOOKUP(F11,color!A:B,2,FALSE),"") | K11: =IFERROR(VLOOKUP(J11,state!A:B,2,FALSE),"")
B12: =IFERROR(VLOOKUP(A12,venue!A:C,3,FALSE),"") | C12: =IFERROR(VLOOKUP(A12,venue!A:B,2,FALSE),"") | E12: =IFERROR(VLOOKUP(D12,type!A:B,2,FALSE),"") | G12: =IFERROR(VLOOKUP(F12,color!A:B,2,FALSE),"") | K12: =IFERROR(VLOOKUP(J12,state!A:B,2,FALSE),"")
B13: =IFERROR(VLOOKUP(A13,venue!A:C,3,FALSE),"") | C13: =IFERROR(VLOOKUP(A13,venue!A:B,2,FALSE),"") | E13: =IFERROR(VLOOKUP(D13,type!A:B,2,FALSE),"") | G13: =IFERROR(VLOOKUP(F13,color!A:B,2,FALSE),"") | K13: =IFERROR(VLOOKUP(J13,state!A:B,2,FALSE),"")
... B59: =IFERROR(VLOOKUP(A59,venue!A:C,3,FALSE),"") | C59: =IFERROR(VLOOKUP(A59,venue!A:B,2,FALSE),"") | E59: =IFERROR(VLOOKUP(D59,type!A:B,2,FALSE),"") | G59: =IFERROR(VLOOKUP(F59,color!A:B,2,FALSE),"") | K59: =IFERROR(VLOOKUP(J59,state!A:B,2,FALSE),"")

Sheet venue
A1: 护国寺 | B1: 10000001 | C1: 浙江省温州市瓯海区景山街道护国寺
A2: 地藏王殿 | B2: 10000002 | C2: 浙江省温州市瓯海区西山东路118号
A3: 宝严寺 | B3: 10000003 | C3: 浙江省温州市瓯海区茶山街道徐岙村
A4: 茶山基督教堂 | B4: 10000004 | C4: 浙江省温州市瓯海区茶山街道洞桥南路202号
A5: 大庆寺 | B5: 10000005 | C5: 浙江省温州市瓯海区茶山街道五美路
A6: 洪崖道观 | B6: 10000006 | C6: 浙江省温州市瓯海区茶山街道洪殿村岩头
A7: 觉海寺 | B7: 10000007 | C7: 浙江省温州市瓯海区茶山街道罗山村
A8: 京山基督教堂 | B8: 10000008 | C8: 浙江省温州市瓯海区茶山街道京山村
A9: 睦州垟基督教聚会点 | B9: 10000009 | C9: 浙江省温州市瓯海区茶山街道睦州垟新州路9号
A10: 山根基督教堂 | B10: 10000010 | C10: 浙江省温州市瓯海区茶山街道山根村山根南路93号
A11: 实际寺 | B11: 10000011 | C11: 浙江省温州市瓯海区茶山街道罗丰村
A12: 汀岙基督教堂 | B12: 10000012 | C12: 浙江省温州市瓯海区茶山街道汀岙路86号
... A276: 头陀寺 | B276: 10000276 | C276: 浙江省温州市瓯海区南白象街道鹅湖村

Sheet type
A1: 重点场所 | B1: 500201
A2: 涉宗案件 | B2: 500202
A3: 投诉举报 | B3: 500203
A4: 重点工作 | B4: 500204
A5: 场所安全 | B5: 500205
A6: 规范管理 | B6: 500206

Sheet color
A1: 红 | B1: 500101
A2: 黄 | B2: 500102
A3: 绿 | B3: 500103

Sheet state
A1: 未处理 | B1: 00
A2: 已处理 | B2: 01
A3: 处理中 | B3: 02
